{"cameraMode":{"drawMode":0,"name":"Shaded","section":"Shading Mode"},"sceneLighting":false,"audioPlay":false,"sceneViewState":{"m_AlwaysRefresh":false,"showFog":true,"showSkybox":false,"showFlares":true,"showImageEffects":true,"showParticleSystems":true,"showVisualEffectGraphs":true,"m_FxEnabled":true},"in2DMode":false,"pivot":{"x":-2.910000801086426,"y":0.2892141342163086,"z":1.6299997568130494},"rotation":{"x":-0.4079965651035309,"y":-0.0033609247766435148,"z":0.0015140478499233723,"w":-0.9129814505577087},"size":0.5173555016517639,"orthographic":false}